problem_link,problem_name,num_occur
https://leetcode.com/problems/two-out-of-three/,Two Out of Three,1
https://leetcode.com/problems/least-number-of-unique-integers-after-k-removals/,Least Number of Unique Integers after K Removals,3
https://leetcode.com/problems/backspace-string-compare/,Backspace String Compare,3
https://leetcode.com/problems/additive-number/,Additive Number,3
https://leetcode.com/problems/integer-to-english-words/,Integer to English Words,2
https://leetcode.com/problems/sliding-window-maximum/,Sliding Window Maximum,2
https://leetcode.com/problems/valid-parentheses/,Valid Parentheses,2
