problem_link,problem_name,num_occur
https://leetcode.com/problems/pairs-of-songs-with-total-durations-divisible-by-60/,Pairs of Songs With Total Durations Divisible by 60,8
https://leetcode.com/problems/transpose-matrix/,Transpose Matrix,2
https://leetcode.com/problems/range-addition/,Range Addition,5
https://leetcode.com/problems/sliding-window-maximum/,Sliding Window Maximum,4
https://leetcode.com/problems/best-time-to-buy-and-sell-stock-iv/,Best Time to Buy and Sell Stock IV,2
https://leetcode.com/problems/trapping-rain-water/,Trapping Rain Water,2
