problem_link,problem_name,num_occur
https://leetcode.com/problems/product-of-the-last-k-numbers/,Product of the Last K Numbers,2
https://leetcode.com/problems/synonymous-sentences/,Synonymous Sentences,3
https://leetcode.com/problems/car-pooling/,Car Pooling,2
https://leetcode.com/problems/decode-string/,Decode String,2
https://leetcode.com/problems/palindrome-permutation-ii/,Palindrome Permutation II,2
https://leetcode.com/problems/the-skyline-problem/,The Skyline Problem,3
https://leetcode.com/problems/number-of-islands/,Number of Islands,2
https://leetcode.com/problems/unique-paths-ii/,Unique Paths II,9
https://leetcode.com/problems/valid-sudoku/,Valid Sudoku,5
