problem_link,problem_name,num_occur
https://leetcode.com/problems/implement-trie-ii-prefix-tree/,Implement Trie II (Prefix Tree),2
https://leetcode.com/problems/rectangle-overlap/,Rectangle Overlap,2
https://leetcode.com/problems/minesweeper/,Minesweeper,2
https://leetcode.com/problems/number-of-islands/,Number of Islands,5
https://leetcode.com/problems/lru-cache/,LRU Cache,2
https://leetcode.com/problems/best-time-to-buy-and-sell-stock/,Best Time to Buy and Sell Stock,2
https://leetcode.com/problems/maximum-subarray/,Maximum Subarray,3
