problem_link,problem_name,num_occur
https://leetcode.com/problems/rotating-the-box/,Rotating the Box,2
https://leetcode.com/problems/reorganize-string/,Reorganize String,3
https://leetcode.com/problems/candy-crush/,Candy Crush,2
https://leetcode.com/problems/odd-even-linked-list/,Odd Even Linked List,2
https://leetcode.com/problems/implement-queue-using-stacks/,Implement Queue using Stacks,2
https://leetcode.com/problems/number-of-islands/,Number of Islands,2
https://leetcode.com/problems/longest-consecutive-sequence/,Longest Consecutive Sequence,2
https://leetcode.com/problems/best-time-to-buy-and-sell-stock/,Best Time to Buy and Sell Stock,2
https://leetcode.com/problems/group-anagrams/,Group Anagrams,4
