problem_link,problem_name,num_occur
https://leetcode.com/problems/number-of-students-unable-to-eat-lunch/,Number of Students Unable to Eat Lunch,7
https://leetcode.com/problems/shortest-subarray-to-be-removed-to-make-array-sorted/,Shortest Subarray to be Removed to Make Array Sorted,2
https://leetcode.com/problems/maximum-number-of-coins-you-can-get/,Maximum Number of Coins You Can Get,3
https://leetcode.com/problems/car-pooling/,Car Pooling,4
https://leetcode.com/problems/maximum-length-of-pair-chain/,Maximum Length of Pair Chain,2
https://leetcode.com/problems/jump-game/,Jump Game,3
