problem_link,problem_name,num_occur
https://leetcode.com/problems/most-visited-sector-in-a-circular-track/,Most Visited Sector in a Circular Track,6
https://leetcode.com/problems/water-bottles/,Water Bottles,4
https://leetcode.com/problems/backspace-string-compare/,Backspace String Compare,6
https://leetcode.com/problems/degree-of-an-array/,Degree of an Array,3
https://leetcode.com/problems/move-zeroes/,Move Zeroes,2
https://leetcode.com/problems/maximal-square/,Maximal Square,3
https://leetcode.com/problems/gas-station/,Gas Station,8
https://leetcode.com/problems/merge-intervals/,Merge Intervals,8
https://leetcode.com/problems/group-anagrams/,Group Anagrams,2
https://leetcode.com/problems/two-sum/,Two Sum,3
