problem_link,problem_name,num_occur
https://leetcode.com/problems/determine-color-of-a-chessboard-square/,Determine Color of a Chessboard Square,1
https://leetcode.com/problems/maximum-units-on-a-truck/,Maximum Units on a Truck,2
https://leetcode.com/problems/even-odd-tree/,Even Odd Tree,3
https://leetcode.com/problems/minimum-value-to-get-positive-step-by-step-sum/,Minimum Value to Get Positive Step by Step Sum,2
https://leetcode.com/problems/maximum-number-of-events-that-can-be-attended/,Maximum Number of Events That Can Be Attended,2
https://leetcode.com/problems/minimum-absolute-difference/,Minimum Absolute Difference,2
https://leetcode.com/problems/reconstruct-original-digits-from-english/,Reconstruct Original Digits from English,69
https://leetcode.com/problems/intersection-of-two-arrays/,Intersection of Two Arrays,2
https://leetcode.com/problems/counting-bits/,Counting Bits,2
https://leetcode.com/problems/paint-fence/,Paint Fence,2
https://leetcode.com/problems/best-time-to-buy-and-sell-stock/,Best Time to Buy and Sell Stock,3
https://leetcode.com/problems/maximum-subarray/,Maximum Subarray,5
https://leetcode.com/problems/group-anagrams/,Group Anagrams,8
https://leetcode.com/problems/longest-substring-without-repeating-characters/,Longest Substring Without Repeating Characters,2
https://leetcode.com/problems/add-two-numbers/,Add Two Numbers,3
https://leetcode.com/problems/two-sum/,Two Sum,3
