problem_link,problem_name,num_occur
https://leetcode.com/problems/time-based-key-value-store/,Time Based Key-Value Store,7
https://leetcode.com/problems/asteroid-collision/,Asteroid Collision,4
https://leetcode.com/problems/max-stack/,Max Stack,2
https://leetcode.com/problems/water-and-jug-problem/,Water and Jug Problem,4
https://leetcode.com/problems/range-sum-query-2d-immutable/,Range Sum Query 2D - Immutable,4
https://leetcode.com/problems/read-n-characters-given-read4-ii-call-multiple-times/,Read N Characters Given Read4 II - Call multiple times,8
https://leetcode.com/problems/read-n-characters-given-read4/,Read N Characters Given Read4,2
https://leetcode.com/problems/word-ladder/,Word Ladder,4
https://leetcode.com/problems/decode-ways/,Decode Ways,7
https://leetcode.com/problems/minimum-window-substring/,Minimum Window Substring,9
