problem_link,problem_name,num_occur
https://leetcode.com/problems/best-team-with-no-conflicts/,Best Team With No Conflicts,1
https://leetcode.com/problems/lru-cache/,LRU Cache,2
https://leetcode.com/problems/merge-intervals/,Merge Intervals,2
https://leetcode.com/problems/search-in-rotated-sorted-array/,Search in Rotated Sorted Array,2
https://leetcode.com/problems/longest-valid-parentheses/,Longest Valid Parentheses,4
https://leetcode.com/problems/3sum/,3Sum,3
https://leetcode.com/problems/two-sum/,Two Sum,3
