problem_link,problem_name,num_occur
https://leetcode.com/problems/last-stone-weight/,Last Stone Weight,8
https://leetcode.com/problems/degree-of-an-array/,Degree of an Array,2
https://leetcode.com/problems/k-empty-slots/,K Empty Slots,2
https://leetcode.com/problems/design-circular-queue/,Design Circular Queue,3
https://leetcode.com/problems/subarray-sum-equals-k/,Subarray Sum Equals K,2
https://leetcode.com/problems/single-element-in-a-sorted-array/,Single Element in a Sorted Array,2
https://leetcode.com/problems/lonely-pixel-i/,Lonely Pixel I,3
https://leetcode.com/problems/serialize-and-deserialize-binary-tree/,Serialize and Deserialize Binary Tree,4
https://leetcode.com/problems/missing-number/,Missing Number,2
https://leetcode.com/problems/add-and-search-word-data-structure-design/,Add and Search Word - Data structure design,2
https://leetcode.com/problems/reverse-linked-list/,Reverse Linked List,2
https://leetcode.com/problems/number-of-islands/,Number of Islands,3
https://leetcode.com/problems/best-time-to-buy-and-sell-stock-iv/,Best Time to Buy and Sell Stock IV,3
https://leetcode.com/problems/intersection-of-two-linked-lists/,Intersection of Two Linked Lists,3
https://leetcode.com/problems/lru-cache/,LRU Cache,3
https://leetcode.com/problems/sort-colors/,Sort Colors,3
https://leetcode.com/problems/search-a-2d-matrix/,Search a 2D Matrix,2
https://leetcode.com/problems/merge-intervals/,Merge Intervals,2
https://leetcode.com/problems/valid-sudoku/,Valid Sudoku,3
https://leetcode.com/problems/search-in-rotated-sorted-array/,Search in Rotated Sorted Array,2
https://leetcode.com/problems/regular-expression-matching/,Regular Expression Matching,4
