problem_link,problem_name,num_occur
https://leetcode.com/problems/maximum-product-of-two-elements-in-an-array/,Maximum Product of Two Elements in an Array,1
https://leetcode.com/problems/range-sum-query-2d-immutable/,Range Sum Query 2D - Immutable,2
https://leetcode.com/problems/reorder-list/,Reorder List,2
https://leetcode.com/problems/maximum-subarray/,Maximum Subarray,3
https://leetcode.com/problems/reverse-integer/,Reverse Integer,2
https://leetcode.com/problems/longest-substring-without-repeating-characters/,Longest Substring Without Repeating Characters,2
https://leetcode.com/problems/two-sum/,Two Sum,2
