problem_link,problem_name,num_occur
https://leetcode.com/problems/maximum-students-taking-exam/,Maximum Students Taking Exam,1
https://leetcode.com/problems/prison-cells-after-n-days/,Prison Cells After N Days,2
https://leetcode.com/problems/monotone-increasing-digits/,Monotone Increasing Digits,9
https://leetcode.com/problems/count-primes/,Count Primes,2
https://leetcode.com/problems/number-of-islands/,Number of Islands,4
https://leetcode.com/problems/longest-common-prefix/,Longest Common Prefix,3
https://leetcode.com/problems/add-two-numbers/,Add Two Numbers,2
