problem_link,problem_name,num_occur
https://leetcode.com/problems/pairs-of-songs-with-total-durations-divisible-by-60/,Pairs of Songs With Total Durations Divisible by 60,2
https://leetcode.com/problems/rectangle-overlap/,Rectangle Overlap,2
https://leetcode.com/problems/subarray-sum-equals-k/,Subarray Sum Equals K,2
https://leetcode.com/problems/palindrome-linked-list/,Palindrome Linked List,2
https://leetcode.com/problems/number-of-islands/,Number of Islands,3
https://leetcode.com/problems/best-time-to-buy-and-sell-stock/,Best Time to Buy and Sell Stock,2
https://leetcode.com/problems/binary-tree-level-order-traversal/,Binary Tree Level Order Traversal,3
https://leetcode.com/problems/maximum-subarray/,Maximum Subarray,2
https://leetcode.com/problems/group-anagrams/,Group Anagrams,3
https://leetcode.com/problems/trapping-rain-water/,Trapping Rain Water,2
https://leetcode.com/problems/search-in-rotated-sorted-array/,Search in Rotated Sorted Array,3
https://leetcode.com/problems/valid-parentheses/,Valid Parentheses,2
https://leetcode.com/problems/median-of-two-sorted-arrays/,Median of Two Sorted Arrays,4
