problem_link,problem_name,num_occur
https://leetcode.com/problems/palindrome-pairs/,Palindrome Pairs,3
https://leetcode.com/problems/number-of-islands/,Number of Islands,3
https://leetcode.com/problems/lru-cache/,LRU Cache,2
https://leetcode.com/problems/construct-binary-tree-from-inorder-and-postorder-traversal/,Construct Binary Tree from Inorder and Postorder Traversal,3
https://leetcode.com/problems/merge-sorted-array/,Merge Sorted Array,4
https://leetcode.com/problems/merge-intervals/,Merge Intervals,4
https://leetcode.com/problems/maximum-subarray/,Maximum Subarray,5
https://leetcode.com/problems/merge-k-sorted-lists/,Merge k Sorted Lists,2
https://leetcode.com/problems/merge-two-sorted-lists/,Merge Two Sorted Lists,3
