problem_link,problem_name,num_occur
https://leetcode.com/problems/lowest-common-ancestor-of-a-binary-tree-iii/,Lowest Common Ancestor of a Binary Tree III,2
https://leetcode.com/problems/remove-all-adjacent-duplicates-in-string-ii/,Remove All Adjacent Duplicates in String II,2
https://leetcode.com/problems/analyze-user-website-visit-pattern/,Analyze User Website Visit Pattern,6
https://leetcode.com/problems/sliding-window-median/,Sliding Window Median,4
https://leetcode.com/problems/ransom-note/,Ransom Note,10
https://leetcode.com/problems/moving-average-from-data-stream/,Moving Average from Data Stream,16
https://leetcode.com/problems/valid-anagram/,Valid Anagram,8
https://leetcode.com/problems/linked-list-cycle/,Linked List Cycle,4
https://leetcode.com/problems/longest-consecutive-sequence/,Longest Consecutive Sequence,3
https://leetcode.com/problems/balanced-binary-tree/,Balanced Binary Tree,4
https://leetcode.com/problems/maximum-depth-of-binary-tree/,Maximum Depth of Binary Tree,4
https://leetcode.com/problems/valid-parentheses/,Valid Parentheses,13
https://leetcode.com/problems/longest-substring-without-repeating-characters/,Longest Substring Without Repeating Characters,10
https://leetcode.com/problems/two-sum/,Two Sum,8
