problem_link,problem_name,num_occur
https://leetcode.com/problems/maximum-ascending-subarray-sum/,Maximum Ascending Subarray Sum,1
https://leetcode.com/problems/palindrome-partitioning-iv/,Palindrome Partitioning IV,1
https://leetcode.com/problems/reverse-string/,Reverse String,3
https://leetcode.com/problems/move-zeroes/,Move Zeroes,4
https://leetcode.com/problems/contains-duplicate/,Contains Duplicate,2
https://leetcode.com/problems/rotate-array/,Rotate Array,2
https://leetcode.com/problems/best-time-to-buy-and-sell-stock/,Best Time to Buy and Sell Stock,2
https://leetcode.com/problems/valid-parentheses/,Valid Parentheses,2
