problem_link,problem_name,num_occur
https://leetcode.com/problems/sort-array-by-increasing-frequency/,Sort Array by Increasing Frequency,2
https://leetcode.com/problems/subarray-sums-divisible-by-k/,Subarray Sums Divisible by K,3
https://leetcode.com/problems/knight-dialer/,Knight Dialer,2
https://leetcode.com/problems/sliding-window-maximum/,Sliding Window Maximum,3
https://leetcode.com/problems/course-schedule-ii/,Course Schedule II,5
https://leetcode.com/problems/lru-cache/,LRU Cache,7
https://leetcode.com/problems/binary-tree-maximum-path-sum/,Binary Tree Maximum Path Sum,2
https://leetcode.com/problems/text-justification/,Text Justification,3
https://leetcode.com/problems/group-anagrams/,Group Anagrams,3
