problem_link,problem_name,num_occur
https://leetcode.com/problems/rearrange-words-in-a-sentence/,Rearrange Words in a Sentence,2
https://leetcode.com/problems/missing-number-in-arithmetic-progression/,Missing Number In Arithmetic Progression,2
https://leetcode.com/problems/longest-repeating-substring/,Longest Repeating Substring,2
https://leetcode.com/problems/rotting-oranges/,Rotting Oranges,4
https://leetcode.com/problems/max-stack/,Max Stack,3
https://leetcode.com/problems/lfu-cache/,LFU Cache,2
https://leetcode.com/problems/all-oone-data-structure/,All O`one Data Structure,2
https://leetcode.com/problems/rearrange-string-k-distance-apart/,Rearrange String k Distance Apart,2
https://leetcode.com/problems/missing-number/,Missing Number,2
https://leetcode.com/problems/verify-preorder-sequence-in-binary-search-tree/,Verify Preorder Sequence in Binary Search Tree,4
https://leetcode.com/problems/sliding-window-maximum/,Sliding Window Maximum,2
https://leetcode.com/problems/palindrome-linked-list/,Palindrome Linked List,2
https://leetcode.com/problems/course-schedule-ii/,Course Schedule II,4
https://leetcode.com/problems/number-of-islands/,Number of Islands,3
https://leetcode.com/problems/lru-cache/,LRU Cache,2
https://leetcode.com/problems/best-time-to-buy-and-sell-stock/,Best Time to Buy and Sell Stock,2
https://leetcode.com/problems/validate-binary-search-tree/,Validate Binary Search Tree,2
https://leetcode.com/problems/sort-colors/,Sort Colors,3
https://leetcode.com/problems/merge-intervals/,Merge Intervals,5
https://leetcode.com/problems/maximum-subarray/,Maximum Subarray,4
https://leetcode.com/problems/group-anagrams/,Group Anagrams,2
https://leetcode.com/problems/search-insert-position/,Search Insert Position,2
https://leetcode.com/problems/search-in-rotated-sorted-array/,Search in Rotated Sorted Array,3
https://leetcode.com/problems/longest-valid-parentheses/,Longest Valid Parentheses,2
https://leetcode.com/problems/remove-duplicates-from-sorted-array/,Remove Duplicates from Sorted Array,2
https://leetcode.com/problems/merge-k-sorted-lists/,Merge k Sorted Lists,4
https://leetcode.com/problems/valid-parentheses/,Valid Parentheses,5
https://leetcode.com/problems/3sum/,3Sum,3
https://leetcode.com/problems/median-of-two-sorted-arrays/,Median of Two Sorted Arrays,2
https://leetcode.com/problems/longest-substring-without-repeating-characters/,Longest Substring Without Repeating Characters,5
