problem_link,problem_name,num_occur
https://leetcode.com/problems/maximum-product-of-two-elements-in-an-array/,Maximum Product of Two Elements in an Array,2
https://leetcode.com/problems/how-many-numbers-are-smaller-than-the-current-number/,How Many Numbers Are Smaller Than the Current Number,2
https://leetcode.com/problems/matrix-cells-in-distance-order/,Matrix Cells in Distance Order,1
https://leetcode.com/problems/sum-of-root-to-leaf-binary-numbers/,Sum of Root To Leaf Binary Numbers,2
https://leetcode.com/problems/binary-search/,Binary Search,2
https://leetcode.com/problems/binary-number-with-alternating-bits/,Binary Number with Alternating Bits,1
https://leetcode.com/problems/top-k-frequent-words/,Top K Frequent Words,4
https://leetcode.com/problems/valid-parenthesis-string/,Valid Parenthesis String,3
https://leetcode.com/problems/trim-a-binary-search-tree/,Trim a Binary Search Tree,2
https://leetcode.com/problems/maximum-distance-in-arrays/,Maximum Distance in Arrays,1
https://leetcode.com/problems/merge-two-binary-trees/,Merge Two Binary Trees,3
https://leetcode.com/problems/can-place-flowers/,Can Place Flowers,2
https://leetcode.com/problems/find-bottom-left-tree-value/,Find Bottom Left Tree Value,2
https://leetcode.com/problems/increasing-subsequences/,Increasing Subsequences,1
https://leetcode.com/problems/largest-palindrome-product/,Largest Palindrome Product,1
https://leetcode.com/problems/find-all-anagrams-in-a-string/,Find All Anagrams in a String,3
https://leetcode.com/problems/first-unique-character-in-a-string/,First Unique Character in a String,3
https://leetcode.com/problems/intersection-of-two-arrays-ii/,Intersection of Two Arrays II,4
https://leetcode.com/problems/coin-change/,Coin Change,2
https://leetcode.com/problems/palindrome-linked-list/,Palindrome Linked List,2
https://leetcode.com/problems/basic-calculator-ii/,Basic Calculator II,2
https://leetcode.com/problems/contains-duplicate/,Contains Duplicate,2
https://leetcode.com/problems/rotate-array/,Rotate Array,2
https://leetcode.com/problems/two-sum-ii-input-array-is-sorted/,Two Sum II - Input array is sorted,2
https://leetcode.com/problems/one-edit-distance/,One Edit Distance,2
https://leetcode.com/problems/lru-cache/,LRU Cache,3
https://leetcode.com/problems/pascals-triangle/,Pascal's Triangle,2
https://leetcode.com/problems/restore-ip-addresses/,Restore IP Addresses,5
https://leetcode.com/problems/scramble-string/,Scramble String,2
https://leetcode.com/problems/climbing-stairs/,Climbing Stairs,3
https://leetcode.com/problems/powx-n/,"Pow(x, n)",3
https://leetcode.com/problems/group-anagrams/,Group Anagrams,2
https://leetcode.com/problems/divide-two-integers/,Divide Two Integers,2
https://leetcode.com/problems/reverse-nodes-in-k-group/,Reverse Nodes in k-Group,2
https://leetcode.com/problems/4sum/,4 Sum,2
https://leetcode.com/problems/3sum/,3Sum,5
https://leetcode.com/problems/roman-to-integer,Roman to Integer,4
https://leetcode.com/problems/palindrome-number/,Palindrome Number,2
https://leetcode.com/problems/reverse-integer/,Reverse Integer,2
https://leetcode.com/problems/longest-substring-without-repeating-characters/,Longest Substring Without Repeating Characters,4
https://leetcode.com/problems/add-two-numbers/,Add Two Numbers,6
https://leetcode.com/problems/two-sum/,Two Sum,4
