problem_link,problem_name,num_occur
https://leetcode.com/problems/sort-even-and-odd-indices-independently/,Sort Even and Odd Indices Independently,1
https://leetcode.com/problems/k-diff-pairs-in-an-array/,K-diff Pairs in an Array,2
https://leetcode.com/problems/best-time-to-buy-and-sell-stock/,Best Time to Buy and Sell Stock,2
https://leetcode.com/problems/longest-substring-without-repeating-characters/,Longest Substring Without Repeating Characters,2
https://leetcode.com/problems/two-sum/,Two Sum,4
